email,Ass_id,Marks_Obtained,Total_Marks
awrout3g@chicagotribune.com,66138e38e10537e875099a70,54,100
btwinamehl@dropbox.com,66138e38e10537e83cb672b2,50,100
dgeorgiadesin@loc.gov,66138e39e10537e752949e1c,51,100
ndonovan3@parallels.com,66138e38e10537e80985c250,32,100
mspearmana5@businessweek.com,66138e38e10537e7b003c5a3,68,100
ggamwellri@sbwire.com,66138e38e10537e770366063,34,100
gbleimanma@npr.org,66138e38e10537e740772b8f,90,100
lmckaileqi@feedburner.com,66138e38e10537e8a3bcefcc,77,100
lyeandelp9@oaic.gov.au,66138e38e10537e7a67f3cf8,54,100
rdicksonad@europa.eu,66138e38e10537e7916ba017,91,100
sellam6m@nps.gov,66138e38e10537e71b41a8bd,22,100
rquibell5o@biblegateway.com,66138e38e10537e7b003c59f,9,100
sreinbachoo@studiopress.com,66138e38e10537e7b003c5a1,64,100
dmapstoneq9@123-reg.co.uk,66138e38e10537e7916ba028,65,100
dpatise19@illinois.edu,66138e38e10537e6c405f699,27,100
gmaudlendl@nba.com,66138e38e10537e7c5210211,35,100
byedallx@google.com.br,66138e38e10537e7b003c592,77,100
plarganjg@blogger.com,66138e38e10537e6d7ef1086,21,100
mhamberstoneqy@nytimes.com,66138e38e10537e6d7ef107a,76,100
lcroosehg@sourceforge.net,66138e38e10537e70a816ac9,83,100
esappyjh@google.it,66138e38e10537e83e6ca345,17,100
mdickinsp7@sakura.ne.jp,66138e38e10537e71b41a8bf,0,100
mmccalister24@imageshack.us,66138e38e10537e6c405f695,84,100
ckittel9y@eepurl.com,66138e38e10537e6d7ef107b,6,100
ebeynkefg@myspace.com,66138e38e10537e70a816aca,33,100
bwibrowb9@rakuten.co.jp,66138e38e10537e7b003c58b,46,100
ntytherton8z@flavors.me,66138e38e10537e8b1b75e50,53,100
cfulloc@example.com,66138e38e10537e6d7ef1076,23,100
sshakespear76@soundcloud.com,66138e38e10537e7714b1e9b,20,100
fcodahk@biglobe.ne.jp,66138e38e10537e71b41a8bf,22,100
tholsonf6@chicagotribune.com,66138e38e10537e6f9e784bd,81,100
vsimonkg@blogs.com,66138e38e10537e7b003c593,100,100
ggreenhalfk1@ocn.ne.jp,66138e38e10537e7b003c58b,43,100
eworsnipe4@webs.com,66138e38e10537e7c521021c,95,100
aberng@symantec.com,66138e38e10537e83e6ca354,42,100
dpocklingtonrg@toplist.cz,66138e38e10537e8b1b75e59,66,100
mnesfieldoi@ted.com,66138e38e10537e875099a6a,98,100
ibalamp4@marriott.com,66138e38e10537e72c30ffcd,9,100
jde3r@cocolog-nifty.com,66138e38e10537e82b6ef5e3,55,100
fmewrcikco@hexun.com,66138e38e10537e770366071,26,100
dluckey8v@nps.gov,66138e38e10537e8928bbdcf,73,100
ifiddymont71@paypal.com,66138e38e10537e70a816ad1,43,100
lcoulsenhd@bloomberg.com,66138e38e10537e7b003c593,37,100
tvankine1@joomla.org,66138e38e10537e7714b1e8f,87,100
tschechterly@sogou.com,66138e38e10537e7a67f3cfc,75,100
jheskinsaw@theatlantic.com,66138e38e10537e8a3bcefd2,44,100
plabat8c@google.fr,66138e38e10537e6d7ef107b,50,100
ineilsonqn@unc.edu,66138e38e10537e7916ba01c,28,100
mghionekx@dagondesign.com,66138e38e10537e7a3c9714c,68,100
lpoxson6s@yahoo.co.jp,66138e38e10537e8b1b75e3e,8,100
hgreenmanj7@prlog.org,66138e38e10537e8c57ab222,24,100
aohartaganpu@japanpost.jp,66138e38e10537e6dda6ca8c,78,100
tbirdwhistle53@51.la,66138e38e10537e83cb672c8,96,100
moldlandmf@mit.edu,66138e38e10537e85f4fe2e7,15,100
dhardinghamfe@samsung.com,66138e38e10537e70a816acc,88,100
sandrichfn@time.com,66138e38e10537e72c30ffd5,72,100
cinsko32@issuu.com,66138e38e10537e8a3bcefdb,13,100
cianittellop5@ebay.co.uk,66138e38e10537e6dda6ca76,18,100
bsnasdell6d@google.com.au,66138e38e10537e80c7b84e5,67,100
ssancroftl2@opera.com,66138e38e10537e70a816ace,56,100
rmckerroncu@e-recht24.de,66138e38e10537e752949e13,13,100
chemphill5f@gizmodo.com,66138e38e10537e841ea2c10,61,100
cschukraftii@lycos.com,66138e38e10537e85f4fe2e4,6,100
wlawey6x@comsenz.com,66138e38e10537e6f9e784ae,43,100
dvan3o@sourceforge.net,66138e38e10537e8a3bcefd6,53,100
pgroombridge92@scientificamerican.com,66138e38e10537e740772b9e,99,100
cpalmby8s@si.edu,66138e38e10537e70a816acb,5,100
aghiottogh@hugedomains.com,66138e38e10537e73df51f5e,67,100
achaves60@g.co,66138e38e10537e83cb672bf,45,100
bwyllie7t@geocities.com,66138e38e10537e83cb672ca,4,100
bvedekhinhw@china.com.cn,66138e38e10537e83cb672be,60,100
vadamovichea@netvibes.com,66138e38e10537e7916ba02b,28,100
kshankleha@alexa.com,66138e38e10537e6f9e784ae,30,100
mhamberstoneqy@nytimes.com,66138e38e10537e841ea2c26,98,100
ntaffurelli28@rambler.ru,66138e38e10537e875099a7a,4,100
pslopiern3@msu.edu,66138e38e10537e72c30ffcd,88,100
ntolertoncw@simplemachines.org,66138e38e10537e80985c25c,4,100
abermingham1w@uiuc.edu,66138e38e10537e80985c259,45,100
soakenfallre@japanpost.jp,66138e38e10537e752949e07,37,100
dfoxtenij@globo.com,66138e38e10537e740772b90,58,100
ragnew2m@seesaa.net,66138e38e10537e8d6b75c64,85,100
tschechterly@sogou.com,66138e38e10537e71b41a8cf,61,100
ibrattendt@is.gd,66138e38e10537e7e7de055b,75,100
kchessordw@unblog.fr,66138e38e10537e7e7de0550,44,100
zmerringqj@fastcompany.com,66138e38e10537e8a3bcefce,64,100
tboseleya2@intel.com,66138e38e10537e6f9e784ae,73,100
rcrosettod2@bizjournals.com,66138e38e10537e85f4fe2f9,74,100
wtrinkekh@dmoz.org,66138e38e10537e6f9e784ad,51,100
mmitfordnp@vk.com,66138e38e10537e6d7ef1080,65,100
cfunnellqo@digg.com,66138e38e10537e77036605a,20,100
lbolderot@artisteer.com,66138e38e10537e7916ba01f,41,100
vpovahlb@cmu.edu,66138e38e10537e80c7b84ef,4,100
cgiacobilioet@vimeo.com,66138e38e10537e6d7ef107a,12,100
gleeson1@nhs.uk,66138e38e10537e875099a7a,93,100
nwerndlynn@timesonline.co.uk,66138e38e10537e8a3bcefd6,54,100
thuglinrl@dropbox.com,66138e38e10537e841ea2c18,27,100
ejoinseybv@samsung.com,66138e38e10537e841ea2c27,69,100
ejeves13@drupal.org,66138e38e10537e82b6ef5e3,86,100
hchethamm7@surveymonkey.com,66138e38e10537e80985c25e,7,100
tboseleya2@intel.com,66138e38e10537e7b003c595,66,100
hspatct@mac.com,66138e38e10537e7714b1ea9,88,100
qbennetonbp@jigsy.com,66138e38e10537e80985c251,38,100
gkilgallonbr@zdnet.com,66138e38e10537e72c30ffd0,29,100
lmagill1c@wp.com,66138e38e10537e8a3bcefce,32,100
dfryekq@usnews.com,66138e38e10537e6f9e784b7,47,100
lpitneya1@dell.com,66138e38e10537e8928bbdc5,3,100
jlardermy@auda.org.au,66138e38e10537e8c57ab22a,43,100
pgrestefz@google.it,66138e38e10537e6d7ef107c,41,100
kchessordw@unblog.fr,66138e38e10537e8928bbdcc,58,100
tvankine1@joomla.org,66138e38e10537e72c30ffc5,62,100
btwinamehl@dropbox.com,66138e38e10537e7b003c592,43,100
bamesqt@upenn.edu,66138e38e10537e7916ba015,25,100
fdalwoodmu@storify.com,66138e38e10537e875099a70,99,100
dticehurst59@engadget.com,66138e38e10537e740772b90,39,100
darstingalll6@ed.gov,66138e38e10537e7e7de0564,26,100
jmckeighan1r@etsy.com,66138e38e10537e8c57ab226,11,100
lskyramks@hugedomains.com,66138e38e10537e8b1b75e50,55,100
tanthoinny@hao123.com,66138e38e10537e841ea2c27,49,100
asteljeso3@elegantthemes.com,66138e38e10537e80c7b84e1,55,100
mbaylissrn@cnet.com,66138e38e10537e7c5210214,10,100
sruddellb4@miitbeian.gov.cn,66138e38e10537e740772ba4,8,100
rvangr@miibeian.gov.cn,66138e38e10537e80c7b84dd,53,100
lweatheralli9@pinterest.com,66138e38e10537e71b41a8d6,7,100
rcoddingtonm4@meetup.com,66138e38e10537e6d7ef1073,95,100
ogaffonca@skype.com,66138e38e10537e841ea2c0e,56,100
vsquibbka@1und1.de,66138e38e10537e6dda6ca76,71,100
ecaulcottkc@lycos.com,66138e38e10537e875099a65,32,100
dbarrouxd8@sbwire.com,66138e38e10537e6f9e784ad,74,100
idonkersleyhj@baidu.com,66138e38e10537e6c405f695,12,100
abarleyc6@cornell.edu,66138e38e10537e875099a65,20,100
njohann27@japanpost.jp,66138e38e10537e7c5210205,16,100
lnalder8w@dedecms.com,66138e38e10537e7714b1e9c,7,100
nvaliant8b@twitpic.com,66138e38e10537e875099a65,2,100
dbilson2g@tuttocitta.it,66138e38e10537e73df51f65,2,100
dpocklingtonrg@toplist.cz,66138e38e10537e7c521021c,0,100
aeglintonpw@elegantthemes.com,66138e38e10537e7b003c58b,50,100
btenniswood1a@hubpages.com,66138e38e10537e875099a75,55,100
cgovierav@google.fr,66138e38e10537e7c5210211,48,100
wparsonage6p@t.co,66138e38e10537e8a3bcefd2,17,100
baronovich48@cbc.ca,66138e38e10537e841ea2c21,77,100
mzecchetti30@unc.edu,66138e38e10537e841ea2c13,49,100
mtiltmankv@stumbleupon.com,66138e38e10537e80c7b84e1,65,100
kcasbourneia@hostgator.com,66138e38e10537e6c405f695,54,100
tcamelligg@princeton.edu,66138e38e10537e8a3bcefd2,53,100
fwandrackli@weather.com,66138e38e10537e8c57ab222,97,100
fbelke8@youku.com,66138e38e10537e7c28559f4,58,100
cpitchforddi@who.int,66138e38e10537e7916ba031,35,100
cmacgorrieib@last.fm,66138e38e10537e7916ba016,19,100
htrustie2a@cpanel.net,66138e38e10537e875099a65,57,100
vswinfordb3@google.cn,66138e38e10537e7a3c97148,29,100
mnesfieldoi@ted.com,66138e38e10537e7a67f3cfb,47,100
dkristufekey@aol.com,66138e38e10537e83e6ca351,95,100
hworsall5c@npr.org,66138e38e10537e8928bbdd9,10,100
wflewittof@go.com,66138e38e10537e6d7ef1086,61,100
gslymandx@mlb.com,66138e38e10537e7a3c97132,7,100
lbettleyov@tumblr.com,66138e38e10537e7916ba021,80,100
ggavinijs@biglobe.ne.jp,66138e38e10537e8a3bcefd2,3,100
bwibrowb9@rakuten.co.jp,66138e38e10537e8d6b75c5c,99,100
screavendv@themeforest.net,66138e38e10537e72c30ffd4,80,100
livison4p@gravatar.com,66138e38e10537e875099a7a,81,100
afilkov18@360.cn,66138e38e10537e8a3bcefd2,1,100
fcodahk@biglobe.ne.jp,66138e38e10537e71b41a8c8,68,100
blouedey7q@ucla.edu,66138e38e10537e8a3bcefc8,17,100
fmcbrier3a@economist.com,66138e38e10537e7c28559f2,95,100
bcreamenl5@cbsnews.com,66138e38e10537e83e6ca35e,63,100
mdrinkel4d@boston.com,66138e38e10537e7a3c97148,93,100
aclemenzail@google.ca,66138e38e10537e7714b1e9f,50,100
bangeldu@google.es,66138e38e10537e77036605e,31,100
ddowngateo7@jigsy.com,66138e38e10537e80c7b84ea,80,100
elavis9h@dropbox.com,66138e38e10537e8b1b75e45,69,100
fcampanellirj@hubpages.com,66138e38e10537e85f4fe2e4,51,100
adanielsohnfb@dailymotion.com,66138e38e10537e72c30ffd4,8,100
idonkersleyhj@baidu.com,66138e38e10537e72c30ffd0,68,100
ibalamp4@marriott.com,66138e38e10537e875099a7f,39,100
lnalder8w@dedecms.com,66138e38e10537e80c7b84ea,26,100
rmcdougalau@google.com.hk,66138e38e10537e80c7b84f1,46,100
owalwood4v@barnesandnoble.com,66138e38e10537e8c57ab226,42,100
khenrot2q@google.com.hk,66138e38e10537e8a3bcefce,27,100
fcourtonney@hibu.com,66138e38e10537e6c405f696,31,100
ttunbridge1o@etsy.com,66138e38e10537e6d7ef1080,83,100
sdalebu@imageshack.us,66138e38e10537e80985c251,79,100
asturmeygx@wix.com,66138e38e10537e7c2855a00,46,100
rlossman5l@toplist.cz,66138e38e10537e7916ba028,57,100
rsaladinooy@adobe.com,66138e38e10537e7714b1e8f,6,100
tcahanq0@nature.com,66138e38e10537e6d7ef107b,0,100
elewknor7j@wix.com,66138e38e10537e6f9e784b7,26,100
dhardinghamfe@samsung.com,66138e38e10537e80c7b84f1,35,100
remminsor@msn.com,66138e38e10537e6d7ef107e,26,100
lpitneya1@dell.com,66138e38e10537e7e7de0564,38,100
nsellen9o@addthis.com,66138e38e10537e7714b1e9c,77,100
sshakespear76@soundcloud.com,66138e38e10537e7714b1e9d,43,100
fwandrackli@weather.com,66138e38e10537e7916ba01f,86,100
vmannpa@alexa.com,66138e38e10537e7916ba016,52,100
cmangambt@blogs.com,66138e38e10537e73df51f78,43,100
jvasyuchovi5@illinois.edu,66138e38e10537e752949e07,13,100
jspurriorch@cisco.com,66138e38e10537e7916ba01b,64,100
nfarthing0@vk.com,66138e38e10537e80c7b84da,97,100
bpepperell7z@scientificamerican.com,66138e38e10537e7714b1ea1,82,100
pdenisetqb@bloglines.com,66138e38e10537e7a3c9713b,78,100
thartellnw@surveymonkey.com,66138e38e10537e8928bbdd4,88,100
nmaasmk@slideshare.net,66138e38e10537e7b003c5a4,5,100
dde7n@webnode.com,66138e38e10537e6dda6ca75,34,100
sellam6m@nps.gov,66138e38e10537e7916ba01d,38,100
tcamelligg@princeton.edu,66138e38e10537e8d6b75c5c,75,100
foehmeid@photobucket.com,66138e38e10537e740772b91,71,100
divory5x@fastcompany.com,66138e38e10537e7714b1e9d,70,100
tdomenc7i@independent.co.uk,66138e38e10537e80985c25c,63,100
rbecerilku@prweb.com,66138e38e10537e8c57ab235,79,100
lbarnettat@comsenz.com,66138e38e10537e70a816acb,98,100
jplevennb@hhs.gov,66138e38e10537e6f9e784ac,31,100
jbanasikdj@hibu.com,66138e38e10537e80c7b84ea,21,100
ckinnachmh@netscape.com,66138e38e10537e8c57ab225,75,100
dspratlingge@vimeo.com,66138e38e10537e770366063,48,100
amandifield4j@posterous.com,66138e38e10537e740772b92,94,100
grotlauf77@ebay.com,66138e38e10537e770366060,42,100
efergussonf@msu.edu,66138e38e10537e83e6ca35e,77,100
ccarlesi5m@blogtalkradio.com,66138e38e10537e6d7ef107c,35,100
vturrif4@house.gov,66138e38e10537e73df51f76,83,100
alushey73@yandex.ru,66138e38e10537e6d7ef107c,13,100
trosendorfk3@last.fm,66138e38e10537e6f9e784a8,33,100
rnaisby6@msn.com,66138e38e10537e8a3bcefd6,0,100
edanielisow@cargocollective.com,66138e38e10537e7c28559f8,58,100
mmanselgp@altervista.org,66138e38e10537e8b1b75e59,99,100
hpeery5v@utexas.edu,66138e38e10537e8d6b75c67,84,100
afarlandnc@opensource.org,66138e38e10537e8c57ab220,99,100
jdrewesu@boston.com,66138e38e10537e6dda6ca87,65,100
rkoles2t@virginia.edu,66138e38e10537e7b003c5a1,61,100
amandifield4j@posterous.com,66138e38e10537e7c521021f,86,100
wbradbury91@phoca.cz,66138e38e10537e740772b98,11,100
nsiddele5q@baidu.com,66138e38e10537e8d6b75c6c,51,100
lbolderot@artisteer.com,66138e38e10537e7c28559f8,93,100
qkobjb@cloudflare.com,66138e38e10537e7a3c97140,50,100
hbullasrq@bloomberg.com,66138e38e10537e6dda6ca78,48,100
bjoerning8u@vinaora.com,66138e38e10537e6c405f696,40,100
bclemenzi1k@friendfeed.com,66138e38e10537e8928bbdcc,24,100
mbriiginshawik@ow.ly,66138e38e10537e752949e0d,28,100
mbowenqu@slashdot.org,66138e38e10537e80c7b84da,50,100
lyeandelp9@oaic.gov.au,66138e38e10537e740772b98,80,100
njohann27@japanpost.jp,66138e38e10537e72c30ffcc,63,100
rselburn33@feedburner.com,66138e38e10537e7714b1ea9,3,100
wpyrahol@foxnews.com,66138e38e10537e8c57ab235,99,100
cfillerybw@sogou.com,66138e38e10537e85f4fe2e4,31,100
mafieldhx@merriam-webster.com,66138e38e10537e73df51f68,3,100
rkleiserq2@51.la,66138e38e10537e72c30ffcc,22,100
fdemonge8q@odnoklassniki.ru,66138e38e10537e7e7de0564,91,100
lsteelek9@stumbleupon.com,66138e38e10537e8c57ab226,27,100
atrussello0@adobe.com,66138e38e10537e8a3bcefcb,36,100
hstorry14@cyberchimps.com,66138e38e10537e841ea2c0e,100,100
cpalliser90@github.com,66138e38e10537e83cb672c8,100,100
wayce4k@friendfeed.com,66138e38e10537e7e7de0550,69,100
darlt3u@baidu.com,66138e38e10537e83cb672c5,38,100
knineham5i@disqus.com,66138e38e10537e841ea2c26,77,100
yheaneymw@fc2.com,66138e38e10537e72c30ffd0,23,100
droddam62@ucoz.ru,66138e38e10537e70a816ac9,95,100
mredd4i@imgur.com,66138e38e10537e7916ba01f,89,100
jgelderdh4@smugmug.com,66138e38e10537e841ea2c18,33,100
vswinfordb3@google.cn,66138e38e10537e72c30ffd3,82,100
hbullasrq@bloomberg.com,66138e38e10537e8c57ab225,29,100
rchurchousee9@aboutads.info,66138e38e10537e85f4fe2e7,59,100
maldhouseh@ftc.gov,66138e38e10537e73df51f69,55,100
ntaffurelli28@rambler.ru,66138e38e10537e85f4fe2f6,49,100
rloadesgb@google.es,66138e38e10537e85f4fe2ff,56,100
lservisn1@oaic.gov.au,66138e38e10537e8d6b75c64,8,100
dpatise19@illinois.edu,66138e38e10537e7714b1ea6,7,100
avasilikp8@nymag.com,66138e38e10537e752949e01,65,100
iplumergk@netvibes.com,66138e38e10537e8928bbdc6,57,100
ddep3@google.com.br,66138e38e10537e770366069,87,100
mbeardmoreo@wordpress.com,66138e38e10537e7a3c9713b,3,100
nyanukhin74@slate.com,66138e38e10537e8c57ab235,61,100
adelmage1d@rakuten.co.jp,66138e38e10537e72c30ffdd,70,100
alushey73@yandex.ru,66138e38e10537e70a816ac6,92,100
igarritleyhv@github.com,66138e38e10537e740772b8f,65,100
ndonovan3@parallels.com,66138e38e10537e770366060,20,100
mhalse11@cmu.edu,66138e38e10537e80c7b84e3,69,100
mmustoo3i@go.com,66138e38e10537e8928bbdd5,32,100
bwyllie7t@geocities.com,66138e38e10537e752949e0c,55,100
lprend@unesco.org,66138e38e10537e70a816ac6,42,100
cocaineep@salon.com,66138e38e10537e7916ba021,7,100
ecoppinpj@guardian.co.uk,66138e38e10537e6c405f696,31,100
cglanvill9e@php.net,66138e38e10537e80985c261,52,100
nbessentn5@parallels.com,66138e38e10537e8b1b75e4d,51,100
esearstoncj@pbs.org,66138e38e10537e83e6ca354,19,100
amcgavigan36@sun.com,66138e38e10537e6d7ef1073,13,100
awrout3g@chicagotribune.com,66138e38e10537e6dda6ca83,68,100
etindle6b@abc.net.au,66138e38e10537e752949e0c,12,100
ldanilishin3n@unesco.org,66138e38e10537e7916ba016,18,100
pgrissett68@ucoz.com,66138e38e10537e752949dff,44,100
dlearmontod@example.com,66138e38e10537e71b41a8c8,52,100
egrowcock8g@slate.com,66138e38e10537e6dda6ca8c,93,100
yroscoemr@lycos.com,66138e38e10537e80c7b84e7,41,100
nsiddele5q@baidu.com,66138e38e10537e875099a65,91,100
lcroosehg@sourceforge.net,66138e38e10537e7b003c5a4,88,100
mcaryih@youtube.com,66138e38e10537e752949e07,80,100
bwadied6@imageshack.us,66138e38e10537e7a3c97132,24,100
bpetriello2l@g.co,66138e38e10537e875099a7a,41,100
larmit52@sakura.ne.jp,66138e38e10537e7c28559f4,11,100
sjenckenm3@tripadvisor.com,66138e38e10537e6d7ef107a,46,100
dgeorgiadesin@loc.gov,66138e38e10537e875099a7a,21,100
mmackissackbh@yahoo.co.jp,66138e38e10537e8b1b75e45,71,100
bwyne5e@businessweek.com,66138e38e10537e7916ba023,43,100
fpower3k@wiley.com,66138e38e10537e841ea2c27,31,100
lservisn1@oaic.gov.au,66138e38e10537e71b41a8bf,29,100
uvanniniax@google.nl,66138e38e10537e7b003c58b,81,100
mdoughtery78@free.fr,66138e38e10537e6f9e784b4,45,100
mmitfordnp@vk.com,66138e38e10537e8d6b75c70,5,100
fquittondenb6@livejournal.com,66138e38e10537e7b003c59f,72,100
esigart4g@webmd.com,66138e38e10537e7c28559ee,89,100
bbouchiercb@mozilla.com,66138e38e10537e8d6b75c5c,67,100
aohartaganpu@japanpost.jp,66138e38e10537e70a816ad5,20,100
uhenfre6t@g.co,66138e38e10537e83e6ca345,9,100
hsilbersakps@java.com,66138e38e10537e7714b1ea1,58,100
kmellers1i@bluehost.com,66138e38e10537e80985c251,71,100
caschefi@hugedomains.com,66138e38e10537e7714b1e9b,55,100
mtiltmankv@stumbleupon.com,66138e38e10537e8928bbdcc,78,100
wneylanqv@imgur.com,66138e38e10537e6f9e784a8,27,100
yofearguisekp@blogspot.com,66138e38e10537e80c7b84de,24,100
lskyramks@hugedomains.com,66138e38e10537e83e6ca354,15,100
vlardier2z@reference.com,66138e38e10537e7c28559f4,40,100
amandifield4j@posterous.com,66138e38e10537e8b1b75e3f,73,100
bmarkie2n@discovery.com,66138e38e10537e6dda6ca79,30,100
zclausewitznv@networkadvertising.org,66138e38e10537e72c30ffd0,6,100
rgilmartinro@sciencedirect.com,66138e38e10537e740772ba4,25,100
vboyes38@answers.com,66138e38e10537e83cb672ca,21,100
cerrowegl@freewebs.com,66138e38e10537e8a3bcefdb,83,100
ealdgateh8@csmonitor.com,66138e38e10537e740772b91,58,100
wparsonage6p@t.co,66138e38e10537e72c30ffdd,27,100
viveryek@amazonaws.com,66138e38e10537e841ea2c12,70,100
uhenfre6t@g.co,66138e38e10537e7b003c59f,39,100
cpalmby8s@si.edu,66138e38e10537e70a816adb,18,100
msadgrove9@nsw.gov.au,66138e38e10537e85f4fe2f1,97,100
wdenholmk6@phpbb.com,66138e38e10537e83e6ca35d,65,100
parranlu@fotki.com,66138e38e10537e7714b1ea1,37,100
csimoesan@ycombinator.com,66138e38e10537e752949e15,62,100
dlamballqf@wordpress.org,66138e38e10537e8c57ab238,2,100
edarbishirebg@dailymail.co.uk,66138e38e10537e7b003c58c,63,100
dticehurst59@engadget.com,66138e38e10537e80c7b84e6,93,100
msapena63@yelp.com,66138e38e10537e77036605a,32,100
afootegc@flavors.me,66138e38e10537e83e6ca341,69,100
mbanisteroa@odnoklassniki.ru,66138e38e10537e8928bbdc5,75,100
pdrifebl@list-manage.com,66138e38e10537e6d7ef1076,51,100
kjuckes1n@shop-pro.jp,66138e38e10537e73df51f67,86,100
dsporedd@buzzfeed.com,66138e38e10537e8c57ab235,98,100
lwakefieldip@vk.com,66138e38e10537e6d7ef107b,58,100
hchethamm7@surveymonkey.com,66138e38e10537e8c57ab226,38,100
bwadied6@imageshack.us,66138e38e10537e740772b98,68,100
bsnasdell6d@google.com.au,66138e38e10537e7a67f3d05,64,100
geasthama7@google.com,66138e38e10537e7b003c5a4,15,100
caschefi@hugedomains.com,66138e38e10537e73df51f62,61,100
swhenhamcq@thetimes.co.uk,66138e38e10537e752949e0c,8,100
hworsall5c@npr.org,66138e38e10537e80c7b84ee,23,100
mkynder6h@g.co,66138e38e10537e8928bbdd5,33,100
cmckimit@oaic.gov.au,66138e38e10537e6c405f699,72,100
htrustie2a@cpanel.net,66138e38e10537e6c405f699,44,100
dkettlesoh@woothemes.com,66138e38e10537e7c5210205,48,100
sdollmanaz@google.pl,66138e38e10537e7714b1ea9,27,100
pelderidge5p@amazon.com,66138e38e10537e6c405f694,33,100
ptarrantnh@printfriendly.com,66138e38e10537e72c30ffd5,66,100
rbentickkt@twitter.com,66138e38e10537e8d6b75c5c,54,100
gbothamj3@sohu.com,66138e38e10537e7b003c5a4,4,100
pbaxterac@wp.com,66138e38e10537e8c57ab238,22,100
ovalentinettij8@yellowbook.com,66138e38e10537e82b6ef5e3,52,100
gchessil96@ifeng.com,66138e38e10537e83cb672b2,100,100
chumphris2k@unc.edu,66138e38e10537e6d7ef107b,64,100
mnabbs7s@addtoany.com,66138e38e10537e7c521021f,24,100
mwalklate9l@si.edu,66138e38e10537e6dda6ca75,35,100
acino2s@state.tx.us,66138e38e10537e80c7b84ea,73,100
jbrunsdonnj@microsoft.com,66138e38e10537e7714b1ea1,85,100
lbettleyov@tumblr.com,66138e38e10537e752949e0c,14,100
kcrichley29@china.com.cn,66138e38e10537e6d7ef1087,49,100
wjanse3x@thetimes.co.uk,66138e38e10537e71b41a8c8,21,100
tgrummitt7b@last.fm,66138e38e10537e6d7ef107b,38,100
ialliotd4@unicef.org,66138e38e10537e7a3c9713b,59,100
lservisn1@oaic.gov.au,66138e38e10537e7916ba01a,71,100
bworsham95@constantcontact.com,66138e38e10537e6d7ef107b,87,100
csaddington9b@surveymonkey.com,66138e38e10537e8928bbdcd,5,100
dlakemanab@mayoclinic.com,66138e38e10537e6f9e784ac,81,100
qjanosevicej@moonfruit.com,66138e38e10537e7916ba01a,29,100
cocaineep@salon.com,66138e38e10537e7916ba01a,44,100
cmilak8@1688.com,66138e38e10537e8928bbdd4,47,100
elewknor7j@wix.com,66138e38e10537e80c7b84e6,93,100
frubinlichtel@xrea.com,66138e38e10537e752949dff,83,100
ndowda9@csmonitor.com,66138e38e10537e841ea2c0e,34,100
mde3y@msn.com,66138e38e10537e8b1b75e59,95,100
ghoudmont55@telegraph.co.uk,66138e38e10537e6f9e784b4,50,100
amulryan89@ovh.net,66138e38e10537e70a816ace,59,100
jlearman6f@cisco.com,66138e38e10537e6dda6ca8c,77,100
vsimonkg@blogs.com,66138e38e10537e7a3c9713b,0,100
jsurmeyerah@goo.ne.jp,66138e38e10537e70a816ad1,67,100
plabat8c@google.fr,66138e38e10537e6dda6ca75,56,100
lraggattdz@paginegialle.it,66138e38e10537e80c7b84e6,18,100
dpatise19@illinois.edu,66138e38e10537e71b41a8be,21,100
mbettisig@mayoclinic.com,66138e38e10537e80c7b84e6,87,100
cbartolomape@technorati.com,66138e38e10537e8c57ab235,86,100
scabera65@opera.com,66138e38e10537e8d6b75c50,50,100
llamploughag@cyberchimps.com,66138e38e10537e80c7b84e3,10,100
eworsnipe4@webs.com,66138e38e10537e7916ba01f,61,100
dgilstin2w@google.com.au,66138e38e10537e7e7de055d,60,100
khudless7y@patch.com,66138e38e10537e80985c25e,84,100
awrout3g@chicagotribune.com,66138e38e10537e7b003c58b,60,100
cpavolini9g@dmoz.org,66138e38e10537e8d6b75c55,12,100
cbercherno@netvibes.com,66138e38e10537e8c57ab21d,81,100
cburnsellon@live.com,66138e38e10537e83e6ca341,80,100
tlecordier3v@etsy.com,66138e38e10537e72c30ffd0,99,100
odekb@bing.com,66138e38e10537e7e7de0558,8,100
csaddington9b@surveymonkey.com,66138e38e10537e8c57ab237,17,100
wriddlesdencl@google.pl,66138e38e10537e73df51f62,46,100
ndonovan3@parallels.com,66138e38e10537e85f4fe2f6,11,100
mdobinsonc4@netlog.com,66138e38e10537e6f9e784ba,68,100
rkleiserq2@51.la,66138e38e10537e7916ba01b,15,100
mafieldhx@merriam-webster.com,66138e38e10537e85f4fe2f9,90,100
nbulleyn3d@google.es,66138e38e10537e8a3bcefdb,22,100
ngrinawaypm@nsw.gov.au,66138e38e10537e7714b1e9f,13,100
ddurnill4f@altervista.org,66138e38e10537e7e7de055d,28,100
rleeceez@spotify.com,66138e38e10537e8928bbdcb,64,100
ckinnerk9n@altervista.org,66138e38e10537e8928bbdc7,83,100
jmckellen3m@imgur.com,66138e38e10537e72c30ffcb,87,100
wgirth57@discuz.net,66138e38e10537e875099a77,49,100
htrustie2a@cpanel.net,66138e38e10537e841ea2c27,7,100
ccholonindh@businessinsider.com,66138e38e10537e7b003c592,12,100
emoukespc@networkadvertising.org,66138e38e10537e83e6ca354,72,100
keatockn6@rakuten.co.jp,66138e38e10537e6c405f6a4,68,100
grotlauf77@ebay.com,66138e38e10537e740772b91,32,100
ssherwilles@craigslist.org,66138e38e10537e8c57ab221,24,100
sdalebu@imageshack.us,66138e38e10537e7a3c9713b,51,100
fpurselowe4a@smugmug.com,66138e38e10537e7c28559f8,21,100
mwaitg9@xrea.com,66138e38e10537e8c57ab237,91,100
mphilippeauxeb@phpbb.com,66138e38e10537e7b003c59d,23,100
tmodenf2@rediff.com,66138e38e10537e8c57ab22a,55,100
iplumergk@netvibes.com,66138e38e10537e6d7ef107b,88,100
cgaspar97@sourceforge.net,66138e38e10537e7e7de055c,45,100
ovinick4@multiply.com,66138e38e10537e6f9e784a4,84,100
divory5x@fastcompany.com,66138e38e10537e6c405f68b,76,100
kguidellirf@nba.com,66138e38e10537e70a816ad5,76,100
jborlandi4@nyu.edu,66138e38e10537e6c405f698,83,100
owalwood4v@barnesandnoble.com,66138e38e10537e6d7ef1086,33,100
readyb8@networksolutions.com,66138e38e10537e8a3bcefcc,20,100
dlearmontod@example.com,66138e38e10537e72c30ffd5,45,100
rwederellar@boston.com,66138e38e10537e8d6b75c70,20,100
scomussogo@gravatar.com,66138e38e10537e875099a7f,23,100
egozzarde2@google.com.au,66138e38e10537e73df51f69,18,100
twhitby45@godaddy.com,66138e38e10537e841ea2c12,10,100
nmitcheson51@instagram.com,66138e38e10537e6f9e784a4,64,100
nvanhu@blogger.com,66138e38e10537e80985c251,46,100
kjuckes1n@shop-pro.jp,66138e38e10537e7c5210217,94,100
rgaw7g@free.fr,66138e38e10537e7b003c592,23,100
kdagwell1u@princeton.edu,66138e38e10537e8d6b75c64,84,100
hspatct@mac.com,66138e38e10537e80c7b84e1,34,100
hbenedicte6k@timesonline.co.uk,66138e38e10537e83cb672ca,66,100
dmaccole43@sohu.com,66138e38e10537e80c7b84f5,81,100
trummeryff@theguardian.com,66138e38e10537e77036606e,14,100
jmckeighan1r@etsy.com,66138e38e10537e80985c25e,50,100
bmingayeoe@live.com,66138e38e10537e83e6ca354,55,100
lmacallenj2@cocolog-nifty.com,66138e38e10537e8c57ab226,56,100
eorrissmg@msn.com,66138e38e10537e7e7de0569,8,100
cmangambt@blogs.com,66138e38e10537e7a3c9713b,78,100
hbrumfieldbq@yelp.com,66138e38e10537e70a816ac9,19,100
emalthusfc@illinois.edu,66138e38e10537e7714b1ea9,40,100
hgreenmanj7@prlog.org,66138e39e10537e752949e17,78,100
dstratzm@sourceforge.net,66138e38e10537e7916ba028,76,100
eassiter2c@multiply.com,66138e38e10537e80985c244,13,100
bdwired7@cloudflare.com,66138e38e10537e85f4fe2f6,0,100
bjoerning8u@vinaora.com,66138e38e10537e7b003c5a4,87,100
jshovellerqz@infoseek.co.jp,66138e38e10537e7a67f3cf5,60,100
flivzey9z@jiathis.com,66138e38e10537e83e6ca351,31,100
qjanosevicej@moonfruit.com,66138e38e10537e85f4fe2e7,44,100
kartrickfu@tuttocitta.it,66138e38e10537e8928bbdc4,80,100
cduigenanhm@indiatimes.com,66138e38e10537e80c7b84e6,37,100
imathivon34@feedburner.com,66138e38e10537e72c30ffd0,30,100
lmagill1c@wp.com,66138e38e10537e841ea2c1d,76,100
rboddyb1@t.co,66138e38e10537e7714b1e9f,61,100
ghoudmont55@telegraph.co.uk,66138e38e10537e7b003c5a3,46,100
cpalmby8s@si.edu,66138e38e10537e72c30ffcb,45,100
daustinshy@miitbeian.gov.cn,66138e39e10537e752949e17,34,100
jgelderdh4@smugmug.com,66138e38e10537e6d7ef1071,0,100
gcrus39@jugem.jp,66138e38e10537e80985c25c,79,100
akelsey1g@cmu.edu,66138e38e10537e8d6b75c6c,49,100
bmarkie2n@discovery.com,66138e38e10537e7a3c97148,22,100
dmapstoneq9@123-reg.co.uk,66138e38e10537e83e6ca351,37,100
hblakelockj4@home.pl,66138e38e10537e875099a65,82,100
cbrennanl3@vimeo.com,66138e38e10537e752949e01,44,100
nsporrij93@51.la,66138e38e10537e6dda6ca8c,58,100
mglazzard23@walmart.com,66138e38e10537e8b1b75e45,9,100
fstapellscz@ning.com,66138e38e10537e752949e07,84,100
wlawey6x@comsenz.com,66138e38e10537e7e7de054b,11,100
qbennetonbp@jigsy.com,66138e38e10537e7e7de0569,20,100
fpower3k@wiley.com,66138e38e10537e6f9e784a4,11,100
wjanse3x@thetimes.co.uk,66138e38e10537e7714b1ea6,41,100
rknobleh2@pagesperso-orange.fr,66138e38e10537e770366071,65,100
qkobjb@cloudflare.com,66138e38e10537e8d6b75c6c,83,100
hsilbersakps@java.com,66138e38e10537e8d6b75c67,22,100
ksteven40@independent.co.uk,66138e38e10537e72c30ffc5,96,100
wbrainedg@lycos.com,66138e38e10537e72c30ffd5,31,100
rmetherell9w@marketwatch.com,66138e38e10537e740772b9e,44,100
fbantockb2@wikia.com,66138e38e10537e80c7b84e6,45,100
dbydawaym1@zimbio.com,66138e38e10537e80c7b84e5,6,100
dsporedd@buzzfeed.com,66138e38e10537e6d7ef107f,25,100
trummeryff@theguardian.com,66138e38e10537e8d6b75c71,6,100
bcrosstoni6@ed.gov,66138e38e10537e7916ba02c,41,100
jwellardn8@sakura.ne.jp,66138e38e10537e8d6b75c67,99,100
mmccalister24@imageshack.us,66138e38e10537e7e7de055b,37,100
kmccarlygi@hhs.gov,66138e38e10537e73df51f69,59,100
nbessentn5@parallels.com,66138e38e10537e80c7b84ee,16,100
rtimminsfk@lycos.com,66138e38e10537e7e7de054b,15,100
wbradbury91@phoca.cz,66138e38e10537e70a816ad3,60,100
dluckey8v@nps.gov,66138e38e10537e841ea2c27,35,100
dmueller7p@webmd.com,66138e38e10537e72c30ffd0,10,100
csturley8d@acquirethisname.com,66138e38e10537e71b41a8be,71,100
sreinbachoo@studiopress.com,66138e38e10537e7c5210211,27,100
fbelke8@youku.com,66138e38e10537e740772ba4,37,100
kgraeber5@google.com,66138e38e10537e72c30ffde,61,100
yroscoemr@lycos.com,66138e38e10537e7916ba023,86,100
elavis9h@dropbox.com,66138e38e10537e83cb672ca,23,100
scomussogo@gravatar.com,66138e38e10537e6dda6ca8c,62,100
acochel@wisc.edu,66138e38e10537e7a3c9714c,23,100
eorrissmg@msn.com,66138e38e10537e875099a65,26,100
rbrownseynm@blogs.com,66138e38e10537e8a3bcefd7,97,100
amcgregori@hugedomains.com,66138e38e10537e80c7b84dd,79,100
lsteelek9@stumbleupon.com,66138e38e10537e72c30ffcc,72,100
yheaneymw@fc2.com,66138e38e10537e7e7de0550,78,100
ncrotty8n@issuu.com,66138e38e10537e8b1b75e4d,83,100
rcasirolib@java.com,66138e38e10537e8c57ab21d,29,100
vdockrellla@taobao.com,66138e38e10537e7b003c595,12,100
mcanterofs@cbslocal.com,66138e38e10537e6c405f68b,10,100
mgaveltone2y@si.edu,66138e38e10537e6d7ef1076,60,100
rmcdougalau@google.com.hk,66138e38e10537e7c5210214,36,100
mhalse11@cmu.edu,66138e38e10537e70a816ad3,55,100
lcrathorne5z@hibu.com,66138e38e10537e6c405f699,86,100
dellumft@imageshack.us,66138e38e10537e8928bbdd9,63,100
dgazzard99@51.la,66138e38e10537e80c7b84ea,63,100
rkleiserq2@51.la,66138e38e10537e82b6ef5db,42,100
askakunasjz@addtoany.com,66138e38e10537e6dda6ca75,0,100
ebeynkefg@myspace.com,66138e38e10537e8928bbdc4,54,100
lwakefieldip@vk.com,66138e38e10537e72c30ffcd,59,100
rpothburylp@discuz.net,66138e38e10537e8a3bcefdb,16,100
tninnolip6@sciencedirect.com,66138e38e10537e70a816ad3,69,100
vpovahlb@cmu.edu,66138e38e10537e7916ba031,39,100
ccunniam5n@ucoz.ru,66138e38e10537e6f9e784b3,39,100
rsaladinooy@adobe.com,66138e38e10537e6f9e784bd,15,100
jgelderdh4@smugmug.com,66138e38e10537e7916ba01b,93,100
obambralm@altervista.org,66138e38e10537e70a816ace,60,100
edoyleyfo@dell.com,66138e38e10537e80985c248,79,100
mbriiginshawik@ow.ly,66138e38e10537e6c405f6a4,46,100
sliggens5r@hhs.gov,66138e38e10537e71b41a8d6,47,100
etichner3w@constantcontact.com,66138e38e10537e7a67f3d05,84,100
dcrawshay8e@hexun.com,66138e38e10537e80c7b84ef,56,100
iplumergk@netvibes.com,66138e38e10537e6d7ef1076,34,100
aohartaganpu@japanpost.jp,66138e38e10537e7e7de054b,13,100
ccund6c@myspace.com,66138e38e10537e8928bbdce,27,100
mpimlottd3@whitehouse.gov,66138e38e10537e7b003c595,97,100
chumphris2k@unc.edu,66138e38e10537e7e7de054b,12,100
rpollenqd@wisc.edu,66138e38e10537e73df51f65,82,100
jmcmanamaneg@bloomberg.com,66138e38e10537e8928bbdc1,32,100
alushey73@yandex.ru,66138e38e10537e85f4fe2ff,50,100
haguirree6@state.tx.us,66138e38e10537e77036605e,1,100
ddep3@google.com.br,66138e38e10537e8a3bcefdb,46,100
bguidottifm@addtoany.com,66138e38e10537e70a816ac4,8,100
dcoddingtongw@yahoo.com,66138e38e10537e770366060,47,100
tboseleya2@intel.com,66138e38e10537e72c30ffd0,12,100
uhatherleyg2@zdnet.com,66138e38e10537e7e7de0550,54,100
lmarginsonak@de.vu,66138e38e10537e80985c261,85,100
haguirree6@state.tx.us,66138e38e10537e7c521020f,61,100
achristinrb@google.it,66138e38e10537e7c5210205,96,100
ejearum7w@google.co.uk,66138e38e10537e7b003c58c,79,100
vshoesmithgu@google.ru,66138e38e10537e7b003c593,17,100
fblankhornml@newsvine.com,66138e38e10537e80985c253,17,100
owalwood4v@barnesandnoble.com,66138e38e10537e70a816ac9,87,100
sternjr@google.co.uk,66138e38e10537e6c405f695,31,100
gpedleyhb@samsung.com,66138e38e10537e8c57ab235,20,100
fquittondenb6@livejournal.com,66138e38e10537e875099a70,93,100
ebeynkefg@myspace.com,66138e38e10537e71b41a8c1,48,100
lfranssonp0@smh.com.au,66138e38e10537e7c521021c,44,100
dkristufekey@aol.com,66138e38e10537e7b003c5a4,80,100
cpurslowjt@storify.com,66138e38e10537e80c7b84da,80,100
amcimmiemp@bing.com,66138e38e10537e80c7b84e3,10,100
ddep3@google.com.br,66138e38e10537e6c405f695,53,100
lpoxson6s@yahoo.co.jp,66138e38e10537e80985c251,76,100
hfarninj6@netvibes.com,66138e38e10537e6dda6ca86,64,100
ldanilcheveq@ask.com,66138e38e10537e7a67f3d05,36,100
egrimsditch9j@nba.com,66138e38e10537e7714b1e9d,91,100
cpavolini9g@dmoz.org,66138e38e10537e6c405f696,29,100
mnabbs7s@addtoany.com,66138e38e10537e841ea2c0e,65,100
alambillionn9@sfgate.com,66138e38e10537e7c5210214,21,100
mferras1v@qq.com,66138e38e10537e6c405f68c,71,100
hblakelockj4@home.pl,66138e38e10537e70a816ac7,75,100
ccarlesi5m@blogtalkradio.com,66138e38e10537e7e7de055f,31,100
tdolan4w@cornell.edu,66138e38e10537e72c30ffd5,51,100
mmartinettoei@microsoft.com,66138e38e10537e70a816ad3,10,100
amulryan89@ovh.net,66138e38e10537e875099a70,11,100
pskirvenhz@ucoz.ru,66138e38e10537e80c7b84e5,5,100
aeglintonpw@elegantthemes.com,66138e38e10537e752949e01,19,100
smcmeekingm6@4shared.com,66138e38e10537e875099a7a,46,100
cglanvill9e@php.net,66138e38e10537e80985c243,5,100
jcleaves66@prnewswire.com,66138e38e10537e7a67f3cf5,76,100
vturrif4@house.gov,66138e38e10537e6c405f696,57,100
lmizen6g@digg.com,66138e38e10537e7b003c59d,19,100
wshoorbrooke3j@patch.com,66138e38e10537e841ea2c12,15,100
lbauduccio35@over-blog.com,66138e38e10537e70a816ace,46,100
cstoaksk7@live.com,66138e38e10537e8a3bcefdb,21,100
ischnieder5w@shinystat.com,66138e38e10537e875099a6c,25,100
lservisn1@oaic.gov.au,66138e38e10537e7b003c592,71,100
zmacilwrick8m@chron.com,66138e38e10537e8a3bcefcb,85,100
rkoles2t@virginia.edu,66138e38e10537e6d7ef1073,47,100
wwilles4q@instagram.com,66138e38e10537e70a816acb,40,100
mbarkway4h@telegraph.co.uk,66138e38e10537e752949e13,4,100
hspatct@mac.com,66138e38e10537e740772b91,0,100
hklasing67@bigcartel.com,66138e38e10537e7e7de054b,78,100
ntaffurelli28@rambler.ru,66138e38e10537e8c57ab238,86,100
kchessordw@unblog.fr,66138e38e10537e7e7de055b,13,100
uvanniniax@google.nl,66138e38e10537e83e6ca35d,47,100
pslopiern3@msu.edu,66138e38e10537e80985c243,66,100
jnorthridgeq1@intel.com,66138e38e10537e80c7b84ef,58,100
cmaylottiy@sfgate.com,66138e38e10537e73df51f5e,96,100
tlottenf@google.com.hk,66138e38e10537e770366060,67,100
kpowneym5@businesswire.com,66138e38e10537e7a3c97145,1,100
bwayeqh@nationalgeographic.com,66138e38e10537e752949e0c,12,100
gchaslesir@devhub.com,66138e38e10537e71b41a8d3,63,100
hholdinae@bloglovin.com,66138e39e10537e752949e17,19,100
parranlu@fotki.com,66138e38e10537e83cb672be,7,100
lselbie8x@bigcartel.com,66138e38e10537e770366063,19,100
wparsonage6p@t.co,66138e38e10537e7714b1e93,78,100
dfaulknerr3@java.com,66138e38e10537e875099a77,13,100
lraggattdz@paginegialle.it,66138e38e10537e73df51f67,33,100
kartrickfu@tuttocitta.it,66138e38e10537e85f4fe2e4,30,100
ialliotd4@unicef.org,66138e38e10537e70a816acc,7,100
bdodsworthoj@wunderground.com,66138e38e10537e70a816adb,57,100
kfronksk2@princeton.edu,66138e38e10537e71b41a8bd,11,100
rvanfr@netlog.com,66138e38e10537e8928bbdcc,20,100
bcrosstoni6@ed.gov,66138e38e10537e752949e0c,59,100
abegbie3s@cdc.gov,66138e39e10537e752949e17,90,100
gcrus39@jugem.jp,66138e38e10537e6d7ef107f,88,100
ggavinijs@biglobe.ne.jp,66138e38e10537e8d6b75c72,70,100
ctwelve7r@phpbb.com,66138e38e10537e6d7ef1073,43,100
kdooleydk@hibu.com,66138e38e10537e7916ba016,77,100
askipworthkz@123-reg.co.uk,66138e38e10537e70a816acc,5,100
zbrantzenb0@drupal.org,66138e38e10537e752949e0d,60,100
fsonscheinf3@prlog.org,66138e38e10537e7916ba017,63,100
jmanthagd@digg.com,66138e38e10537e7c28559ee,1,100
dde7n@webnode.com,66138e38e10537e752949e08,88,100
hmartinson6v@google.nl,66138e38e10537e7e7de055c,36,100
rfetherston9c@dyndns.org,66138e38e10537e752949e0d,7,100
sdollmanaz@google.pl,66138e38e10537e7e7de0550,4,100
droddam62@ucoz.ru,66138e38e10537e841ea2c22,47,100
darrighis@hibu.com,66138e38e10537e8928bbdc5,23,100
jheskinsaw@theatlantic.com,66138e38e10537e8c57ab237,94,100
lkyffin8a@wikispaces.com,66138e38e10537e7c521020b,22,100
fmcbrier3a@economist.com,66138e38e10537e752949dff,83,100
csattefordd5@flickr.com,66138e38e10537e740772ba5,87,100
lbolderot@artisteer.com,66138e38e10537e83e6ca351,84,100
jogleviee7@shutterfly.com,66138e38e10537e875099a7a,91,100
mmitfordnp@vk.com,66138e38e10537e7a67f3cfc,46,100
abendare3c@tamu.edu,66138e38e10537e6f9e784af,11,100
wbrainedg@lycos.com,66138e38e10537e6d7ef1073,17,100
abuyerscy@addthis.com,66138e38e10537e83e6ca35e,100,100
lbolderot@artisteer.com,66138e38e10537e6d7ef108c,20,100
eworsnipe4@webs.com,66138e38e10537e752949e08,92,100
bdarragonbb@hhs.gov,66138e38e10537e740772b92,31,100
carnaldo3f@cyberchimps.com,66138e38e10537e841ea2c21,15,100
ahustlereu@paypal.com,66138e38e10537e8928bbdcd,54,100
fdalwoodmu@storify.com,66138e38e10537e8b1b75e3e,55,100
uhenfre6t@g.co,66138e38e10537e8c57ab222,55,100
qjanosevicej@moonfruit.com,66138e38e10537e6f9e784b7,43,100
lsteelek9@stumbleupon.com,66138e38e10537e83cb672ca,56,100
dmapstoneq9@123-reg.co.uk,66138e38e10537e8d6b75c70,10,100
khenrot2q@google.com.hk,66138e38e10537e7714b1e9d,94,100
ecaulcottkc@lycos.com,66138e38e10537e8d6b75c5c,7,100
dsporedd@buzzfeed.com,66138e38e10537e6f9e784a4,20,100
cgroutf7@jalbum.net,66138e38e10537e8d6b75c72,98,100
dwytheoq@sciencedirect.com,66138e38e10537e80c7b84da,62,100
dfryekq@usnews.com,66138e38e10537e7a67f3cfb,13,100
wgirth57@discuz.net,66138e38e10537e77036605e,20,100
vtibbleski@a8.net,66138e38e10537e6d7ef107b,32,100
aclemenzail@google.ca,66138e38e10537e8928bbdce,57,100
mmanselgp@altervista.org,66138e38e10537e8b1b75e55,63,100
rkoles2t@virginia.edu,66138e38e10537e80c7b84e6,34,100
nbulleyn3d@google.es,66138e38e10537e6d7ef1087,52,100
chumphris2k@unc.edu,66138e38e10537e7a3c9713c,59,100
sruddellb4@miitbeian.gov.cn,66138e38e10537e875099a6a,0,100
ndonovan3@parallels.com,66138e38e10537e83cb672c5,52,100
vdockrellla@taobao.com,66138e38e10537e72c30ffd5,24,100
ovalentinettij8@yellowbook.com,66138e38e10537e875099a7a,12,100
oshouldersaa@icio.us,66138e38e10537e8b1b75e45,21,100
lmizen6g@digg.com,66138e38e10537e8b1b75e3e,3,100
qkobjb@cloudflare.com,66138e38e10537e875099a75,5,100
bevens22@purevolume.com,66138e38e10537e7c28559f2,28,100
gpreshousb7@rambler.ru,66138e38e10537e7e7de054b,29,100
lcoulsenhd@bloomberg.com,66138e38e10537e6dda6ca86,98,100
cpurslowjt@storify.com,66138e38e10537e70a816ace,44,100
yheaneymw@fc2.com,66138e38e10537e83e6ca354,61,100
nvaliant8b@twitpic.com,66138e38e10537e70a816ad3,70,100
mtiltmankv@stumbleupon.com,66138e38e10537e7c2855a00,80,100
mglazzard23@walmart.com,66138e38e10537e7e7de0569,90,100
wneylanqv@imgur.com,66138e38e10537e80c7b84e3,30,100
santrobus81@squarespace.com,66138e38e10537e73df51f5d,55,100
sbaudreybx@microsoft.com,66138e38e10537e72c30ffd3,70,100
jvasiltsovqa@usa.gov,66138e38e10537e71b41a8c1,68,100
noxfordal@seesaa.net,66138e38e10537e80c7b84e1,61,100
mmustoo3i@go.com,66138e38e10537e7a3c97140,74,100
rlodderi3@imdb.com,66138e38e10537e7b003c5a1,36,100
tgiffr0@businessweek.com,66138e38e10537e6f9e784af,58,100
mcelli4s@domainmarket.com,66138e38e10537e6c405f694,78,100
nbosenworthfj@craigslist.org,66138e38e10537e7916ba01f,36,100
kalenichevog@pinterest.com,66138e38e10537e8a3bcefcc,33,100
tcochek5@buzzfeed.com,66138e38e10537e7a3c97131,19,100
chabercham7f@mapy.cz,66138e38e10537e73df51f62,12,100
ashintonms@cpanel.net,66138e38e10537e6c405f694,32,100
lraggattdz@paginegialle.it,66138e38e10537e70a816ad3,46,100
maldhouseh@ftc.gov,66138e38e10537e8d6b75c55,26,100
remminsor@msn.com,66138e38e10537e70a816ace,55,100
lgoeffnk@ehow.com,66138e38e10537e73df51f62,88,100
bbouchiercb@mozilla.com,66138e38e10537e7e7de0550,76,100
sshakespear76@soundcloud.com,66138e38e10537e6d7ef107f,28,100
lhannah6r@technorati.com,66138e38e10537e8928bbdd4,53,100
gdurno15@nsw.gov.au,66138e38e10537e7916ba01a,60,100
apolack2e@canalblog.com,66138e38e10537e841ea2c26,70,100
darstingalll6@ed.gov,66138e38e10537e7e7de0558,99,100
vsquibbka@1und1.de,66138e38e10537e8d6b75c71,95,100
screavendv@themeforest.net,66138e38e10537e72c30ffd0,78,100
jgelderdh4@smugmug.com,66138e38e10537e83e6ca35d,76,100
jcleaves66@prnewswire.com,66138e38e10537e72c30ffcb,74,100
lblanningnl@salon.com,66138e38e10537e8c57ab235,26,100
jspurriorch@cisco.com,66138e38e10537e7714b1ea6,26,100
ovalentinettij8@yellowbook.com,66138e38e10537e7a3c9714c,34,100
ialliotd4@unicef.org,66138e38e10537e6dda6ca76,5,100
dshervilhr@seesaa.net,66138e38e10537e740772b91,3,100
rlearieo1@artisteer.com,66138e38e10537e7c28559f2,20,100
dticehurst59@engadget.com,66138e38e10537e73df51f65,23,100
mpimlottd3@whitehouse.gov,66138e38e10537e740772b9e,83,100
afootegc@flavors.me,66138e38e10537e73df51f5b,19,100
lmizen6g@digg.com,66138e38e10537e8c57ab22a,56,100
mfransecogt@simplemachines.org,66138e38e10537e7b003c59d,31,100
rneevel0@slashdot.org,66138e38e10537e7c521020f,97,100
cszwandt21@ezinearticles.com,66138e39e10537e752949e17,89,100
dbrood4o@exblog.jp,66138e38e10537e70a816ac6,86,100
lprend@unesco.org,66138e38e10537e841ea2c13,7,100
bmacmorland5g@geocities.com,66138e38e10537e80c7b84da,16,100
aaffleck85@usda.gov,66138e38e10537e80c7b84e5,9,100
tbrumbie1s@uiuc.edu,66138e38e10537e6dda6ca76,97,100
rkensettfd@shinystat.com,66138e38e10537e80985c25e,90,100
bamesqt@upenn.edu,66138e38e10537e72c30ffd4,95,100
remminsor@msn.com,66138e38e10537e8c57ab220,93,100
readyb8@networksolutions.com,66138e38e10537e7916ba02c,7,100
lkegleygj@noaa.gov,66138e38e10537e875099a77,8,100
mbettydr@theguardian.com,66138e38e10537e7c521021c,44,100
jrayer1z@webnode.com,66138e38e10537e73df51f78,61,100
fsaltmarsh2b@usda.gov,66138e38e10537e7e7de055b,11,100
cstanger9d@blogtalkradio.com,66138e38e10537e73df51f5b,38,100
dsimmonitej1@vistaprint.com,66138e38e10537e7714b1e9f,99,100
mmangenotpf@github.com,66138e38e10537e80c7b84e1,21,100
plarganjg@blogger.com,66138e38e10537e841ea2c0e,98,100
wwhathamme@gov.uk,66138e38e10537e6d7ef1076,77,100
blouedey7q@ucla.edu,66138e38e10537e7e7de054b,31,100
odekb@bing.com,66138e38e10537e83cb672bf,69,100
skingslandm9@state.gov,66138e38e10537e875099a65,33,100
pgroombridge92@scientificamerican.com,66138e38e10537e85f4fe2f9,26,100
kalenichevog@pinterest.com,66138e38e10537e770366069,78,100
msadgrove9@nsw.gov.au,66138e38e10537e841ea2c10,0,100
acathenod6a@jalbum.net,66138e38e10537e7714b1e9b,3,100
khabardkn@hibu.com,66138e38e10537e6dda6ca78,92,100
dmalenfantbc@hostgator.com,66138e38e10537e7e7de055d,43,100
mwakeley2v@technorati.com,66138e38e10537e8a3bcefcc,67,100
emoukespc@networkadvertising.org,66138e38e10537e80985c253,71,100
nsellen9o@addthis.com,66138e38e10537e8a3bcefcb,45,100
mcanavan7v@baidu.com,66138e38e10537e7c521020f,50,100
abuyerscy@addthis.com,66138e38e10537e6f9e784b7,26,100
hramasiz@scientificamerican.com,66138e38e10537e71b41a8cf,85,100
gchessil96@ifeng.com,66138e38e10537e8928bbdd4,89,100
fquittondenb6@livejournal.com,66138e38e10537e80c7b84e5,79,100
abayldon61@sbwire.com,66138e38e10537e7c5210211,27,100
daustinshy@miitbeian.gov.cn,66138e38e10537e83e6ca35d,29,100
nmccx@macromedia.com,66138e38e10537e7c5210204,75,100
rbuggy8t@indiatimes.com,66138e38e10537e7916ba01a,25,100
bcrosstoni6@ed.gov,66138e39e10537e752949e17,47,100
trolley41@shinystat.com,66138e38e10537e85f4fe2e7,30,100
joguzrp@flavors.me,66138e38e10537e8d6b75c6a,33,100
kpetrak12@edublogs.org,66138e38e10537e8928bbdd4,66,100
surwenmz@sakura.ne.jp,66138e38e10537e7e7de0569,54,100
vcurneenqw@utexas.edu,66138e38e10537e6d7ef1086,84,100
eroncad0@theglobeandmail.com,66138e38e10537e7a3c97131,50,100
noxfordal@seesaa.net,66138e38e10537e73df51f62,69,100
mtiltmankv@stumbleupon.com,66138e38e10537e7c521020f,84,100
lcrathorne5z@hibu.com,66138e38e10537e8a3bcefc8,14,100
tgrummitt7b@last.fm,66138e38e10537e752949e0d,68,100
cedinburoughou@deliciousdays.com,66138e38e10537e6d7ef1073,74,100
apritchittnq@taobao.com,66138e38e10537e80c7b84e7,11,100
iconwella4@amazon.de,66138e38e10537e7c5210205,60,100
mfransecogt@simplemachines.org,66138e38e10537e82b6ef5e3,18,100
gshanahanc7@addthis.com,66138e38e10537e72c30ffd5,26,100
ccoddhn@deliciousdays.com,66138e38e10537e740772ba0,67,100
amerry70@admin.ch,66138e38e10537e8b1b75e45,19,100
nyanukhin74@slate.com,66138e38e10537e8d6b75c70,63,100
fsonscheinf3@prlog.org,66138e38e10537e7b003c59f,63,100
ncrotty8n@issuu.com,66138e38e10537e73df51f6f,70,100
shoyspx@chicagotribune.com,66138e38e10537e80c7b84f5,5,100
rbaskeyfieldf5@wikimedia.org,66138e38e10537e7b003c5a4,20,100
tcahanq0@nature.com,66138e38e10537e875099a7f,11,100
vlardier2z@reference.com,66138e38e10537e70a816acc,68,100
esennetti2@wired.com,66138e38e10537e7c2855a00,20,100
bchessona3@mediafire.com,66138e38e10537e7c521020b,6,100
elaugheranao@qq.com,66138e38e10537e80c7b84de,78,100
mbettydr@theguardian.com,66138e38e10537e73df51f5d,95,100
askipworthkz@123-reg.co.uk,66138e38e10537e7a3c97140,98,100
mscuseex@shinystat.com,66138e38e10537e7e7de0560,61,100
mmaskewpn@skyrock.com,66138e38e10537e8a3bcefd6,89,100
soakenfallre@japanpost.jp,66138e38e10537e7916ba023,32,100
gwollersmn@hhs.gov,66138e38e10537e70a816ace,54,100
riffefl@hexun.com,66138e38e10537e740772b98,20,100
cinsko32@issuu.com,66138e38e10537e7916ba031,7,100
cfillerybw@sogou.com,66138e38e10537e73df51f69,39,100
kvalencia3t@sciencedaily.com,66138e38e10537e70a816ac9,88,100
cpitchforddi@who.int,66138e38e10537e7a67f3d00,93,100
gimpey7u@bravesites.com,66138e38e10537e7a3c97145,71,100
mvogellernu@yellowpages.com,66138e38e10537e8928bbdcb,98,100
bwyllie7t@geocities.com,66138e38e10537e80c7b84e5,85,100
ecotherillqk@latimes.com,66138e38e10537e72c30ffdd,73,100
flaurensong3@storify.com,66138e38e10537e6c405f69e,37,100
rselburn33@feedburner.com,66138e38e10537e8928bbddc,72,100
tcamelligg@princeton.edu,66138e38e10537e7b003c593,44,100
tbondarq7@i2i.jp,66138e38e10537e7c28559f4,23,100
ggavinijs@biglobe.ne.jp,66138e38e10537e6d7ef107e,86,100
tcahanq0@nature.com,66138e38e10537e7e7de0569,54,100
fgabala3e@bizjournals.com,66138e38e10537e6f9e784a8,47,100
ggianninii7@japanpost.jp,66138e38e10537e8b1b75e57,49,100
hbenedicte6k@timesonline.co.uk,66138e38e10537e8c57ab220,24,100
ibalamp4@marriott.com,66138e38e10537e72c30ffcb,61,100
bwadied6@imageshack.us,66138e38e10537e841ea2c27,8,100
mhalse11@cmu.edu,66138e38e10537e70a816ad3,13,100
jclinkard2p@ebay.co.uk,66138e38e10537e740772ba5,14,100
adelmage1d@rakuten.co.jp,66138e38e10537e7714b1ea8,94,100
bangeldu@google.es,66138e38e10537e72c30ffcd,37,100
anovotneda@w3.org,66138e38e10537e875099a71,1,100
ereggioqq@hp.com,66138e38e10537e740772b9e,51,100
cszwandt21@ezinearticles.com,66138e38e10537e7a3c97131,23,100
wwhathamme@gov.uk,66138e38e10537e8c57ab222,9,100
adominy3l@ox.ac.uk,66138e38e10537e73df51f69,67,100
geasthama7@google.com,66138e38e10537e6f9e784a8,85,100
jogleviee7@shutterfly.com,66138e38e10537e6d7ef107b,91,100
pkilbourn1p@telegraph.co.uk,66138e38e10537e7e7de054d,66,100
thuglinrl@dropbox.com,66138e38e10537e740772b8f,62,100
dcoddingtongw@yahoo.com,66138e38e10537e72c30ffc1,47,100
preede@bluehost.com,66138e38e10537e80985c253,14,100
imathivon34@feedburner.com,66138e38e10537e6c405f696,14,100
gwollersmn@hhs.gov,66138e38e10537e7a67f3d09,69,100
bthemann5y@ameblo.jp,66138e38e10537e740772b91,94,100
baronovich48@cbc.ca,66138e38e10537e6c405f694,83,100
bcrosstoni6@ed.gov,66138e38e10537e7916ba017,83,100
mkinneirlv@stanford.edu,66138e38e10537e8928bbdcc,51,100
cfillgate31@cbslocal.com,66138e38e10537e770366071,3,100
hmartinson6v@google.nl,66138e38e10537e7b003c593,76,100
aponceford86@jigsy.com,66138e38e10537e740772b92,10,100
cfunnellqo@digg.com,66138e38e10537e7916ba02c,41,100
nsporrij93@51.la,66138e38e10537e7c5210217,44,100
hblakelockj4@home.pl,66138e38e10537e7916ba028,84,100
aperren9p@blogger.com,66138e38e10537e82b6ef5cf,58,100
vturrif4@house.gov,66138e38e10537e8928bbdcd,32,100
mhunegz@sourceforge.net,66138e38e10537e770366066,40,100
ineilsonqn@unc.edu,66138e38e10537e82b6ef5d8,9,100
gbellamlc@auda.org.au,66138e38e10537e6dda6ca86,50,100
rmizen25@com.com,66138e38e10537e83e6ca35d,20,100
ejeandeauc0@list-manage.com,66138e38e10537e7a3c97140,32,100
lmacallenj2@cocolog-nifty.com,66138e38e10537e80985c259,78,100
dmummery9q@feedburner.com,66138e38e10537e8d6b75c55,27,100
bomalley16@yellowpages.com,66138e38e10537e6f9e784ac,26,100
wneylanqv@imgur.com,66138e38e10537e7a3c97140,27,100
hbanke1x@timesonline.co.uk,66138e38e10537e841ea2c1d,11,100
acochel@wisc.edu,66138e38e10537e73df51f62,52,100
vpovahlb@cmu.edu,66138e38e10537e8a3bcefce,4,100
alushey73@yandex.ru,66138e38e10537e7a3c97131,0,100
chapps1h@netvibes.com,66138e38e10537e7a67f3cfb,52,100
cmacwhirtere3@elegantthemes.com,66138e38e10537e740772b98,54,100
mguyeth6@issuu.com,66138e38e10537e7e7de0550,29,100
hchipp5k@unblog.fr,66138e38e10537e72c30ffdd,100,100
abilson8h@dailymotion.com,66138e38e10537e77036605e,79,100
adanielsohnfb@dailymotion.com,66138e38e10537e6dda6ca79,57,100
dmueller7p@webmd.com,66138e38e10537e841ea2c22,79,100
lpickersgillbs@photobucket.com,66138e38e10537e7a67f3cf8,12,100
jogleviee7@shutterfly.com,66138e38e10537e8928bbdc5,95,100
charcec5@senate.gov,66138e38e10537e80c7b84e1,80,100
rburlaypo@amazon.de,66138e38e10537e70a816ad3,97,100
daustinshy@miitbeian.gov.cn,66138e38e10537e875099a75,26,100
glodemannaq@blinklist.com,66138e38e10537e7714b1e9f,14,100
cocaineep@salon.com,66138e38e10537e770366066,16,100
cbergstrandc2@sphinn.com,66138e38e10537e73df51f68,60,100
hworsall5c@npr.org,66138e38e10537e7b003c595,100,100
epatinkincn@latimes.com,66138e38e10537e6d7ef1086,95,100
tlottenf@google.com.hk,66138e38e10537e80c7b84e1,17,100
amcimmiemp@bing.com,66138e38e10537e6c405f68b,83,100
lanespieic@joomla.org,66138e38e10537e7e7de0550,80,100
ckinnachmh@netscape.com,66138e38e10537e7916ba01a,41,100
mhunegz@sourceforge.net,66138e38e10537e82b6ef5cf,22,100
hfarninj6@netvibes.com,66138e38e10537e70a816ad5,27,100
kbohlinmd@microsoft.com,66138e38e10537e7a3c97148,40,100
jdrewesu@boston.com,66138e38e10537e8928bbdcb,28,100
wriddlesdencl@google.pl,66138e38e10537e8d6b75c64,54,100
apyettg7@adobe.com,66138e38e10537e752949e07,25,100
ccholonindh@businessinsider.com,66138e38e10537e7c5210211,92,100
kfronksk2@princeton.edu,66138e38e10537e72c30ffdd,77,100
pweemshe@yahoo.co.jp,66138e38e10537e841ea2c1d,71,100
tninnolip6@sciencedirect.com,66138e38e10537e6d7ef1086,85,100
frusso8@e-recht24.de,66138e38e10537e841ea2c27,97,100
mdickinsp7@sakura.ne.jp,66138e38e10537e7916ba015,35,100
lmacallenj2@cocolog-nifty.com,66138e38e10537e80c7b84f5,0,100
ealdgateh8@csmonitor.com,66138e38e10537e7c521020b,57,100
mfernierho@ucla.edu,66138e38e10537e72c30ffdd,45,100
mwoolampg@census.gov,66138e38e10537e8a3bcefdb,1,100
mpeperellna@aboutads.info,66138e38e10537e73df51f69,76,100
bjelfs8i@mayoclinic.com,66138e39e10537e752949e1a,48,100
csturley8d@acquirethisname.com,66138e39e10537e752949e1a,59,100
adelmage1d@rakuten.co.jp,66138e38e10537e77036605a,6,100
scabera65@opera.com,66138e38e10537e8b1b75e57,10,100
alambillionn9@sfgate.com,66138e38e10537e752949e0d,9,100
dwanderschekkk@buzzfeed.com,66138e38e10537e70a816ad3,52,100
wteaseo5@t-online.de,66138e38e10537e8c57ab21f,52,100
lprend@unesco.org,66138e38e10537e8c57ab226,98,100
acathenod6a@jalbum.net,66138e38e10537e8c57ab21d,47,100
joguzrp@flavors.me,66138e38e10537e7c5210205,99,100
ilaxtonrk@wikispaces.com,66138e38e10537e70a816acc,72,100
maldhouseh@ftc.gov,66138e38e10537e7b003c5a3,59,100
sbonick80@dedecms.com,66138e38e10537e72c30ffd3,28,100
totson9k@devhub.com,66138e38e10537e752949e08,65,100
ccund6c@myspace.com,66138e38e10537e7a3c9713c,71,100
esigart4g@webmd.com,66138e38e10537e7e7de055f,29,100
amcauliffens@surveymonkey.com,66138e38e10537e8d6b75c70,16,100
lanespieic@joomla.org,66138e38e10537e8d6b75c5c,36,100
rspatoniot@themeforest.net,66138e38e10537e8a3bcefce,66,100
hgreenmanj7@prlog.org,66138e38e10537e71b41a8bc,45,100
ghawkecc@multiply.com,66138e38e10537e80985c243,11,100
chabercham7f@mapy.cz,66138e38e10537e71b41a8c1,48,100
mmangenotpf@github.com,66138e38e10537e8b1b75e3f,47,100
rneevel0@slashdot.org,66138e38e10537e7a3c9713b,24,100
lmortellky@acquirethisname.com,66138e38e10537e80985c25f,5,100
dvan3o@sourceforge.net,66138e38e10537e7a3c97133,69,100
bhyndmande@umich.edu,66138e38e10537e80985c250,20,100
pkilbourn1p@telegraph.co.uk,66138e38e10537e8a3bcefdb,33,100
aczaplado@moonfruit.com,66138e38e10537e7e7de0569,4,100
bjudkins4y@barnesandnoble.com,66138e38e10537e7c5210217,75,100
ciacovacciol8@newyorker.com,66138e38e10537e8928bbdcd,26,100
ggianninii7@japanpost.jp,66138e38e10537e8d6b75c67,25,100
lcrathorne5z@hibu.com,66138e38e10537e7a67f3cfb,11,100
bbouchiercb@mozilla.com,66138e38e10537e6f9e784a8,67,100
cswanborrow8@state.tx.us,66138e38e10537e6c405f699,35,100
qjanosevicej@moonfruit.com,66138e38e10537e841ea2c26,22,100
yhestropay@usgs.gov,66138e38e10537e77036605e,17,100
gdurno15@nsw.gov.au,66138e39e10537e752949e1c,55,100
jlowfillo2@jugem.jp,66138e38e10537e80c7b84e7,84,100
cschukraftii@lycos.com,66138e38e10537e72c30ffde,10,100
csimoesan@ycombinator.com,66138e38e10537e6f9e784ac,38,100
nplewman5b@baidu.com,66138e38e10537e72c30ffcc,64,100
ncolomb3z@washington.edu,66138e38e10537e7a67f3d00,23,100
vsquibbka@1und1.de,66138e38e10537e7c28559ee,60,100
rkoles2t@virginia.edu,66138e38e10537e7c28559f8,97,100
bfrangletonj0@europa.eu,66138e38e10537e7c5210217,86,100
ghawkecc@multiply.com,66138e38e10537e8d6b75c5c,14,100
ccoddhn@deliciousdays.com,66138e38e10537e740772b92,81,100
cgostridgeeo@whitehouse.gov,66138e38e10537e8c57ab226,59,100
jpikettbi@macromedia.com,66138e38e10537e841ea2c22,76,100
tbondarq7@i2i.jp,66138e38e10537e72c30ffcd,84,100
rbrownseynm@blogs.com,66138e38e10537e8d6b75c6c,37,100
pleadbitterjw@wix.com,66138e38e10537e6d7ef1080,16,100
cosorio87@newyorker.com,66138e38e10537e7916ba017,76,100
lsteelek9@stumbleupon.com,66138e38e10537e80c7b84e7,89,100
jpicottqc@nationalgeographic.com,66138e38e10537e875099a7a,22,100
chapps1h@netvibes.com,66138e38e10537e80c7b84ea,14,100
rfetherston9c@dyndns.org,66138e38e10537e80985c25f,85,100
lguerreaud9@springer.com,66138e38e10537e7916ba023,35,100
mwakeley2v@technorati.com,66138e38e10537e8a3bcefcc,45,100
ltuttle4x@liveinternet.ru,66138e38e10537e875099a71,64,100
jgoldhill9a@walmart.com,66138e38e10537e73df51f62,82,100
qbennetonbp@jigsy.com,66138e38e10537e83cb672bf,87,100
baronovich48@cbc.ca,66138e38e10537e7a67f3cfc,96,100
ncrotty8n@issuu.com,66138e38e10537e7916ba017,56,100
wdenholmk6@phpbb.com,66138e38e10537e8b1b75e3e,49,100
kfranzettoini2j@biglobe.ne.jp,66138e38e10537e7b003c58b,2,100
aeglintonpw@elegantthemes.com,66138e38e10537e841ea2c27,2,100
msoppit9i@techcrunch.com,66138e38e10537e752949e0d,70,100
vlardier2z@reference.com,66138e38e10537e70a816acb,34,100
kshankleha@alexa.com,66138e38e10537e740772ba0,75,100
fmangenetjy@amazon.co.jp,66138e38e10537e83e6ca341,1,100
hpeery5v@utexas.edu,66138e38e10537e6c405f699,15,100
amulryan89@ovh.net,66138e38e10537e7a67f3cf8,64,100
hmccartfx@indiegogo.com,66138e38e10537e7916ba02b,58,100
rmizen25@com.com,66138e38e10537e875099a7a,61,100
fpiddletowndf@simplemachines.org,66138e38e10537e6d7ef1080,5,100
lcroosehg@sourceforge.net,66138e38e10537e7a67f3cf4,21,100
tburgesmj@forbes.com,66138e39e10537e752949e1c,2,100
tdolan4w@cornell.edu,66138e39e10537e752949e17,25,100
mwalklate9l@si.edu,66138e38e10537e7714b1e9c,64,100
mwaitg9@xrea.com,66138e38e10537e83cb672c5,0,100
riffefl@hexun.com,66138e38e10537e7916ba015,25,100
dmantzga@washingtonpost.com,66138e38e10537e6d7ef1087,80,100
etichner3w@constantcontact.com,66138e38e10537e83e6ca35d,92,100
bdarragonbb@hhs.gov,66138e38e10537e7a3c97140,93,100
amandifield4j@posterous.com,66138e38e10537e73df51f68,95,100
mlilielo@yolasite.com,66138e38e10537e7c5210205,44,100
mvogellernu@yellowpages.com,66138e38e10537e71b41a8d6,82,100
ialliotd4@unicef.org,66138e38e10537e83e6ca351,47,100
fcourtonney@hibu.com,66138e38e10537e72c30ffcd,12,100
ebeynkefg@myspace.com,66138e38e10537e7b003c593,57,100
mnotor9@weather.com,66138e38e10537e73df51f68,97,100
mdoucette9s@phpbb.com,66138e38e10537e6dda6ca87,98,100
mgaveltone2y@si.edu,66138e38e10537e8b1b75e50,94,100
